1.9497760409798518e-57,2.474457831217307e-50,1.042509261997485e-74
6.536538699082252e-06,9.824244888973336e-08,4.4021944609637586e-10
1.0204372841644765e-16,3.177708198408507e-19,1.0124733417300588e-21
9.81366838138396e-41,7.801736106470414e-41,7.247039277150904e-56
4.5972659369508156e-209,7.897177867873472e-212,9.214392993088306e-216
9.150572273250258e-37,9.510789026843047e-32,3.3193370018754565e-31
5.726280579927696e-17,1.4300691007511433e-19,1.5572267306137746e-33
1.8213745097096484e-38,2.0075061360259826e-35,3.751641108138996e-46
6.609863810537405e-18,1.9851474680804092e-16,3.725270150099475e-18
5.43591335839177e-12,4.271472599817312e-12,1.3764811941671155e-14
3.3012281671788903e-22,3.0961017833036772e-28,5.18454440202516e-30
6.204131616667173e-32,1.9306270405730954e-32,1.7388020299274348e-38
0.024739082094459925,0.00021268638014096714,0.0022712256359821957
0.0002882954862442955,1.4929926476430124e-06,4.425160834847729e-22
5.159313537303375e-08,4.321304255904927e-10,4.5796161615175005e-06
4.872308209669093e-53,2.0636590148035112e-53,5.402572810478224e-51
9.436191170773516e-23,2.635966717401662e-26,3.2052303513303004e-31
3.3435862846622416e-28,2.311135968059771e-28,1.2815471629596986e-28
4.807696307133572e-53,5.156253722373493e-59,1.0292022782586087e-54
7.426422708261954e-37,2.5532615481933228e-39,3.5697404988754035e-40
5.044678307956622e-128,1.763966967823744e-128,5.792481048679112e-129
4.805202944091857e-28,2.5030079553263925e-27,6.868680818866819e-38
3.708062262832654e-32,1.3525375917275648e-31,1.0895156928255848e-35
8.513663693693216e-48,2.538718568854516e-49,1.6541579234865179e-47
2.091979820940462e-28,1.6744724802379386e-27,3.427801934519051e-40
1.2287195728292524e-62,1.1271645065189048e-61,5.524639655854138e-63
5.3322689944916715e-51,1.603232987208841e-52,1.6722869134125532e-59
6.510397815094889e-15,2.190616368931818e-18,1.4770102529731645e-16
2.3533264927994844e-63,3.1473833566853425e-64,2.9421540828232016e-69
6.502949480826076e-35,3.507072972388575e-36,3.1629496338930926e-41
2.794216537300393e-08,2.8641438071804205e-11,9.127930420181182e-18
1.5939701569480635e-69,5.589127779652351e-72,3.87880139631525e-76
1.357474586575031e-54,3.293754476453789e-59,3.2862398332855375e-76
6.9268202930917525e-40,3.6441836261956836e-41,1.7403574865904653e-39
2.5607346428816753e-09,1.1737476106952428e-10,6.558980491192378e-13
6.143682428261039e-110,6.51582965416397e-106,2.03575114949064e-106
1.2450021388538455e-37,1.8132198117911336e-39,5.088383769004811e-43
1.4609870141234445e-19,1.4203870779868362e-21,1.196622740626239e-33
5.708093123368418e-16,2.5623871425248548e-12,5.563636404911507e-13
6.271511353883774e-56,2.6257381169914006e-58,3.231353205074099e-56
2.0084870074082592e-23,1.6460201694580971e-21,8.970875978183726e-28
1.714274679227471e-23,1.226698206166784e-38,5.374692894904734e-36
5.552296152400306e-22,1.2598317643736696e-21,7.29973250740868e-23
5.192400561940424e-56,1.1704306588571016e-57,1.073008917445749e-63
2.4363563496263062e-15,2.0344093648244946e-19,4.521046429371226e-22
2.2698917166547007e-24,4.804002216821172e-25,1.03704134421455e-28
8.579593349954095e-79,1.6640649781585436e-77,1.6463272532278517e-77
5.234715553075348e-23,2.0529399009355533e-35,1.4599523826582744e-26
1.308061612529861e-13,1.7239359398227172e-10,7.839053444232423e-16
1.0535288292589887e-160,1.749319909142875e-161,9.913976494281872e-175
2.0233992361548936e-17,2.218140989657366e-16,1.393401861818778e-17
4.407472964838177e-29,7.338929159074138e-28,1.1687182159666518e-30
5.3927147552411867e-101,1.5991582221555745e-102,5.544373930359299e-103
3.190520494313186e-36,3.2647983681762065e-40,1.3968060859272038e-41
2.24322972369612e-42,5.088321274281232e-42,9.032732953073338e-51
6.927009783682664e-61,1.1346727825670644e-61,2.8876491505429573e-72
1.9980250606119827e-59,1.6265313480395557e-61,1.1009982248933853e-67
1.5260875822129357e-16,6.038082872705509e-19,4.324011755406524e-23
1.464402440722276e-32,1.2387630492890063e-35,3.3496885491678034e-47
1.0294469615170726e-13,4.3618445611205985e-11,2.9815816472393405e-39
0.015592760800883173,0.0033925705077509976,1.196932887886835e-14
1.4209550784626376e-120,1.9284711159898543e-122,1.17113874955874e-121
4.5839462483308707e-97,2.99024532832922e-98,7.952809404852975e-136
7.630476957824626e-22,9.32458577397862e-19,1.512838671393574e-29
6.795692515432231e-22,2.5068275446930065e-29,6.238201113594216e-20
6.79792130838233e-29,1.491491074644616e-35,1.0116724766520008e-28
1.1670159305660173e-55,2.992007365939259e-58,3.5876351173038595e-58
3.6212913316161305e-15,5.2848433596658225e-17,1.9732717781539596e-19
1.235825472010533e-30,1.1754229336636603e-31,6.1777033773493125e-49
6.632932873397123e-27,3.431195978347422e-26,3.220385988340031e-29
5.81832191400854e-68,1.765842402498142e-69,2.6584153060973637e-68
3.5845406118169577e-13,3.159404457771549e-14,5.103093267775987e-28
3.855912931024293e-26,5.739524824823914e-24,1.67266444754647e-39
4.528630328235167e-09,1.6699695039769393e-07,2.2138934190193135e-13
2.4239468266523463e-16,1.151212351825705e-13,7.272239333959883e-36
2.2035369021735485e-17,8.176390484338791e-17,5.203793428397663e-32
4.643819476426852e-13,3.2124083408479984e-13,1.6492349598754926e-35
1.7159517615344182e-09,7.641287242358362e-09,3.7859444061503416e-23
1.5844047513061645e-30,1.5509538223906314e-28,1.1652270820694884e-30
8.843618703496093e-172,1.1076328157726145e-174,7.044438521772143e-173
5.1259723291185506e-70,3.415740410544456e-69,1.3398326955758742e-69
6.41393739873485e-57,6.652695674883667e-55,7.818523701118593e-62
6.61707805076651e-09,7.68896614387153e-11,5.958170414018902e-11
1.476998041722675e-116,1.519295975644869e-123,3.8926450179232665e-124
1.7685772906545016e-35,8.518287638359435e-36,3.82436246192792e-35
2.4658946904749933e-35,6.581634084685e-34,2.3379391130360255e-38
4.254719374669264e-76,3.5334697505817435e-75,9.310621681161388e-76
1.0819156752565718e-99,9.529223891628599e-102,6.056604871795516e-105
2.8206262359177353e-09,6.5270050498801546e-12,1.3476616439724361e-12
5.8939812234956535e-12,1.341727622063305e-14,1.3818661676863536e-13
2.7610389727746525e-94,2.9011863019311164e-94,1.6149440025133888e-99
2.3197984353152906e-22,1.106067327605578e-26,4.5772490975375e-25
2.6093968091762368e-124,8.218690011095734e-125,2.8123436489029976e-148
5.049237365497805e-37,4.174903273957945e-35,2.8162721812541673e-42
9.025231602338282e-24,1.950289531299546e-29,2.5389537365246755e-25
1.0265472603678297e-14,5.417595947748511e-16,1.2976960530251447e-30
1.0842831901744744e-77,8.629331417128118e-77,7.189757543974755e-84
4.517898768158777e-39,3.1443392350127085e-38,2.8772878948561585e-37
2.8948992008766272e-93,1.5906181600715154e-92,2.8591935109151118e-96
3.258434348818084e-74,8.185063121766672e-77,4.685188618121057e-88
1.1247709712706656e-14,1.3700637647791534e-16,3.42245092315854e-20
1.7418223378525118e-29,6.791453760486352e-32,2.794815360979938e-39
4.17592799671806e-11,3.1860833463767415e-11,1.1205631060073156e-11
5.957259489002732e-22,1.0214305594869853e-21,2.9839079701856618e-53
1.6220685029254696e-23,7.373103365524086e-22,1.6836857200262352e-20
4.65100004369203e-22,8.750633951307043e-21,1.804563751499264e-27
5.281987335807033e-47,2.6682719452907656e-44,2.348255241935831e-53
1.6911866463990417e-24,2.0735231235511123e-30,1.2725944182352328e-27
1.42027407775614e-05,2.6897409231482445e-05,1.5483735010846186e-06
1.2019050048269732e-07,1.2863229405724622e-19,2.2492902651022122e-12
7.870961016161688e-25,1.645621572271658e-24,2.184034262732632e-28
4.420980822103483e-27,4.289980218412933e-24,9.943577197827073e-26
2.371705521965281e-37,2.6854031930295344e-41,7.700859827272502e-67
9.371251309294746e-15,1.2463264109507732e-15,3.265619239157231e-18
0.00296241282139891,0.00014428960585549744,1.4254631071287404e-06
7.752313986836178e-13,6.0959330336771125e-15,1.2620683670282473e-22
1.5914539694953946e-05,3.74501435580526e-05,4.21159703890525e-08
5.488675589071821e-06,5.08554784637891e-08,5.170995981796253e-07
5.426030486350417e-36,1.281086951118471e-39,5.536099069649974e-45
2.473407265609553e-44,1.474979561652689e-47,1.7839778358051818e-47
2.4675550487332204e-21,8.629834667778312e-24,2.5232892495616675e-27
6.437836879036237e-21,1.7428225776967693e-18,1.998490967447938e-21
2.618409986345589e-12,1.1657210822651689e-15,6.407741137773728e-15
8.084325715167974e-65,2.1329685816402256e-64,1.457624911445783e-72
5.793866204576328e-90,5.24567669709471e-89,1.182034114707057e-99
2.4647719775849355e-12,7.142852508498944e-17,1.8624260239520144e-23
9.797849006223865e-66,1.2957720254390002e-67,2.4472874140288426e-75
2.748793006758015e-44,9.995843498902006e-45,1.2691371238006999e-50
0.021816849538365848,6.732939264220539e-07,0.004183692910128088
2.2471803761953063e-31,2.513053010602292e-28,9.124552960978482e-32
3.7318363188308856e-19,5.284967963863013e-19,4.438516570025923e-66
5.485933497671951e-14,3.9795469483774765e-20,3.1846450740774693e-38
5.0468466450232484e-08,7.254181724060609e-10,1.2945389152771455e-15
4.144830576187405e-105,8.83669790444763e-108,4.8808178211288736e-114
1.3991787262720478e-48,1.1862627272303701e-52,4.2158032079500184e-64
2.512985501756511e-17,5.910886699731804e-15,2.227958333447631e-24
3.4536151873718606e-06,5.224665716484398e-07,1.0301365931288462e-06
2.4176510420002103e-79,3.035242204148012e-78,2.007791199641278e-100
2.8009160443110724e-45,2.7082388620684824e-51,1.3015989493126346e-44
1.6245444201369256e-28,9.137808368879587e-26,2.271844949770668e-27
8.171974908627202e-17,5.527567462025277e-22,2.0592074244660465e-23
5.4168756715242915e-30,2.1015177297375355e-30,1.9155139591103442e-36
6.510189678030547e-20,1.9228843868091092e-20,3.138059847982596e-21
4.805250736576698e-19,8.12630310315311e-23,1.999645982688814e-23
8.123120783703326e-16,3.365467390137647e-18,1.1135439843156308e-15
1.5891677032783513e-07,0.0003026347001983403,6.374016278065448e-07
6.8358464780784e-89,3.01761584731822e-91,1.0599672920225902e-100
9.166861310217857e-11,3.5511526299542505e-11,2.536927705182364e-22
1.3695226183535274e-11,7.48009535501248e-13,1.7655655301793935e-20
2.911061279097573e-11,3.4891246119000797e-13,3.6493120937076746e-12
5.349308215536761e-39,4.985573530315035e-42,8.841165452842108e-41
9.390625086148457e-308,5.074902750081702e-303,5.5119347e-317
4.393680668502014e-42,2.446275363624953e-41,2.5666148875033167e-46
2.3304315265614024e-107,6.05981610714304e-110,1.061721429434494e-113
2.035093461640857e-24,1.424157215976995e-30,3.5096566354026225e-27
2.145046413233799e-06,7.101464230443286e-09,5.94747738929816e-35
2.124736991025057e-09,1.4425081864610832e-06,1.6646024443928876e-39
2.1082947818948443e-45,2.715013182265278e-46,6.1890179933657005e-77
2.216139903655526e-16,4.961426365069804e-13,2.690751914746689e-28
4.694947056173706e-19,7.098039317966036e-14,5.559111870540109e-18
0.0020915359794466204,0.0003769979432082767,7.884666458328167e-08
3.466818884124083e-96,4.81752132286219e-98,8.837063391949602e-96
1.0968555881026338e-06,2.5189573201153045e-13,7.3723840668374966e-06
4.920735988432247e-09,3.4776628954261844e-12,6.527740157153984e-16
4.4674621962889956e-30,1.9575098138607886e-30,7.347030104108221e-50
1.2472999119729525e-20,8.808456201701494e-20,2.131756775525952e-30
1.933793565759118e-11,3.44097561985911e-12,5.203812966669337e-10
9.335306195294517e-158,4.414107968631481e-156,1.8257856839401355e-171
1.2627313704511652e-48,4.142318480159277e-51,7.250241609995921e-64
1.531012090753409e-32,1.7847037963940938e-33,1.27238838087496e-47
8.246836553071856e-18,4.1012722544525085e-19,4.506674289344014e-22
4.480815530465332e-63,9.014013666075188e-60,8.00992941459085e-68
9.433855177673162e-67,4.889382886325002e-69,1.6870889307499348e-66
5.3697729170993345e-71,2.7763254451743805e-71,1.3403923409082041e-77
1.3715649316178672e-47,1.5020893838444936e-53,9.952897965601736e-56
1.0568952772147361e-21,7.134765447522806e-21,1.395965668301892e-29
5.906507230708959e-09,4.3321564162536265e-10,4.154764126670405e-17
4.9347864847838107e-42,1.5041053745919853e-44,3.702709043665875e-61
3.9456434048365776e-76,1.1238387061367621e-71,3.728366491495851e-75
4.9558411503491e-148,1.3100669215395053e-150,3.4065630579533575e-153
9.867757031696894e-30,9.741994972789572e-32,9.153068097289892e-36
9.294959778917895e-95,7.142100840839854e-103,1.1336548617737504e-121
1.779046858521232e-06,8.418746509674676e-08,3.786170068511688e-08
5.470148499116619e-34,2.327772989672177e-31,6.436056614589362e-41
3.777223512969116e-74,3.803857832015218e-75,5.19545721659703e-86
3.545139142146566e-78,2.2793839696463425e-78,8.298684306080317e-78
6.511155757632815e-17,1.1850377978918914e-22,2.4581173456007068e-24
8.319434750784693e-174,2.7408997073661515e-181,4.088745835264946e-183
1.0573750417298516e-102,1.9971947352890686e-101,2.7759585493513386e-102
3.983882337943912e-74,1.1477577939778304e-74,2.0248406986560672e-74
4.725746534630998e-11,9.062772703551791e-12,1.8341516660988443e-28
5.356281142043565e-14,2.689400979364763e-13,2.2256912862267275e-15
4.6504697984581984e-07,4.440029191397047e-05,1.2055266371086567e-05
3.767487407446521e-64,2.775320056893344e-63,3.58458484879865e-67
1.6574430988497214e-91,6.083076910892965e-94,1.4974392809144174e-106
9.973561777479052e-54,2.543215851458479e-53,3.4637217247264485e-59
1.8341094490502393e-11,1.4982567224202727e-05,1.1138253287559799e-06
8.643284566911159e-43,1.0173693245198187e-39,3.402063862206097e-43
2.1217609933266178e-256,8.560358443628027e-265,4.540592119673143e-257
2.3872749043397053e-30,3.067517720015105e-29,1.865128596347738e-31
1.0594352186016762e-14,8.266808274056277e-14,1.8838707807667488e-13
2.49837445931042e-71,2.8251709234850207e-71,1.3171069808122778e-89
1.0236525558237492e-88,2.714474235184904e-89,1.6415973466743213e-89
4.6959218587892805e-20,4.8231481081623634e-21,2.4358173578090017e-60
5.866515832349992e-65,3.200047121712212e-67,1.2688043102746176e-60
5.28551388761392e-103,7.301760856923875e-103,7.846979709184075e-107
1.7773083855169095e-124,7.052184625032127e-125,1.9772996076163016e-142
0.00037287517112082367,2.2284501298412326e-06,1.8583430977096696e-08
1.1126401303197482e-83,3.7507379041850203e-81,2.7157034316658903e-86
2.08214738817865e-21,1.2064512862883782e-25,1.3849647049134895e-26
5.276915547308498e-70,7.867297532046014e-74,6.487208644221497e-79
7.598545597961766e-12,3.1604956937533744e-13,5.823043843689539e-11
7.346545197721501e-13,5.64215469368672e-13,2.9879696137758163e-12
5.727717524327382e-31,8.730589519420034e-27,1.2840523679107798e-45
2.1647578175296938e-10,6.007379232754561e-12,1.8933522685200636e-14
1.4201375366212772e-49,8.51432889219591e-51,5.141405926789459e-50
1.1744089790401941e-59,6.89904612066494e-61,1.903132850775337e-58
2.1968038400368716e-76,3.9383668981827835e-75,9.479722329817915e-88
1.0180507238295354e-14,4.29057008431365e-16,6.323307172204737e-21
1.3606264292538477e-31,3.2461512544818175e-29,1.0564209770424075e-33
3.395455356358583e-45,4.0246973451352126e-47,1.9802446882211403e-46
2.7425549252111263e-18,4.530487319037393e-18,2.2452436273636493e-39
2.0516071593674934e-25,1.2633605056933733e-26,4.146279847927027e-36
1.5993762821580227e-104,1.375464916152494e-104,9.072107748568553e-107
2.2240950742929438e-63,2.678737769043757e-63,3.186211258116214e-73
9.108370906020602e-49,1.765416277195741e-51,7.695083029644682e-49
3.7288283160939964e-07,3.2408948453905385e-06,9.17044682208843e-05
6.378951089443636e-59,7.101055626857812e-67,3.0199617995778594e-62
6.653976698846462e-31,8.969801710948501e-31,5.64502206909095e-29
3.5315268891118353e-189,1.193541883304512e-195,1.7962291384936218e-191
1.2433052542964407e-52,4.0391493261656993e-50,4.1546682402270966e-57
0.019438132706323417,0.054333169912936484,5.261557235167458e-09
1.0608701648350892e-06,5.631081603472693e-07,4.8978377254071386e-21
1.1019604425061807e-78,9.158448924018152e-79,1.0830046034440112e-93
3.6538904580496314e-09,9.293825240142777e-17,6.437048778218002e-24
1.4711092783173154e-52,1.355137170247982e-54,1.0935693920613397e-60
7.196342637979296e-60,1.0182530565780263e-67,3.2248347858027864e-60
2.2425539681825924e-08,3.8008105854770677e-19,1.382830101744943e-09
2.2416828987182075e-78,1.0732776774914172e-77,2.702237360697713e-82
0.06607335313237503,9.052319779427504e-07,7.485088706772485e-21
9.99782437870262e-22,2.7314853292193893e-21,3.0791634346386628e-21
9.594392268956039e-178,2.6071915418711117e-179,1.3422895955295902e-178
3.9094795819081477e-41,2.2407403094262283e-47,1.3345818496850216e-40
2.391428101763116e-13,1.1147333979683118e-14,9.150596950075642e-25
4.6627430936504945e-133,1.425294553338793e-133,6.732316210190725e-143
4.49592048486555e-65,1.6092061422979104e-69,3.703412712167527e-66
8.571714202766156e-31,2.2642047089995337e-31,1.2085574726245321e-32
1.2873298380953191e-06,5.45654905451661e-07,1.2427358353570635e-14
1.0617608285076378e-82,6.034646920696071e-82,1.9408828862336336e-90
2.9513663543711905e-59,3.6037513162495725e-62,4.615804692392958e-66
3.865596379474227e-06,1.2093778461987556e-05,0.000661135142200263
6.125100663263627e-30,4.786420423698956e-31,4.8345135082490397e-70
6.249596636159749e-44,3.9165624101323257e-44,1.2323683776155463e-64
5.2665878329981125e-19,8.78387619394474e-19,9.777074337233033e-27
1.6639438428266478e-32,2.286746598611087e-31,2.053673500551013e-31
1.0608615617615033e-16,8.355044890215496e-18,1.039307445897361e-13
3.4082828265291473e-10,8.130271657506233e-13,6.311347926868401e-25
2.0229576284993156e-129,1.8949320548964493e-132,2.607089529261101e-140
1.5271304439259686e-13,3.0283349286097416e-14,6.863926503858645e-34
1.468149867036148e-97,7.300061313162267e-99,3.9646856192656135e-112
4.642440968628213e-56,1.7866446543344014e-61,3.663524744504395e-64
1.6488639089647268e-33,2.1781355224739844e-37,1.5709210512828167e-36
6.949167136990142e-23,3.186745667502011e-22,5.775348822608511e-33
8.153835860466959e-103,5.012577370735072e-124,2.262794160486313e-109
3.6404346061668625e-75,8.561128902263759e-74,8.649947031528581e-79
3.30759466306626e-119,2.2011364169821194e-118,1.4912372725051069e-117
2.692735444766636e-44,2.0883675680235075e-41,1.0692588301113028e-44
1.473675860922141e-42,1.6853800540407525e-40,2.2294815810524623e-48
2.037814672367205e-96,7.493988852119639e-96,1.4956703314666187e-102
6.33281284294255e-10,2.573036654703508e-10,3.0495159229474157e-10
0.005264413904829031,9.55166903710341e-06,1.8655947078856412e-10
3.301851726312187e-81,9.7930662305859e-78,6.478314595469443e-90
8.104528990752856e-11,1.0717459441409177e-14,9.99822737459152e-29
0.10377510874106403,2.6793550977231984e-05,1.66026969955096e-11
5.363301434314084e-36,5.3316981394258596e-39,1.9431331625461046e-44
2.6246315285448347e-283,1.903562981714366e-281,1.2910366062397935e-285
1.6635742232709557e-17,9.096504271792472e-20,2.0175168661433143e-33
2.0495808380681548e-22,6.698954750821026e-32,4.335280995906184e-26
4.6585164829795727e-66,4.720269645055802e-68,5.182368114281926e-75
5.372833782185488e-48,2.834073358089516e-50,2.381594365753311e-48
1.363525916080234e-18,6.055504052374254e-25,6.162301788995864e-26
5.272157212617874e-05,9.252777265069324e-06,2.67225952813513e-09
5.703857686738612e-81,2.618761134866545e-81,4.1550285962760716e-81
1.838409809709514e-12,3.76790590593807e-10,2.5277034000377368e-11
3.467705943866226e-54,6.420074971602687e-57,2.1206849684383596e-53
0.000214389369941129,2.7317690452506217e-05,1.2973077924530207e-06
6.195770649419032e-10,3.4924940067207035e-14,8.61387162792413e-15
3.7985916190379226e-55,8.894694117923529e-57,1.2594633239012982e-58
1.0066627812317047e-41,4.960333260985969e-42,4.135344481894484e-45
1.9759313296768166e-97,4.230177246885302e-99,8.065887840333832e-110
4.605118406449946e-12,2.972396602254923e-17,2.8995892599255923e-15
1.4651063063912068e-47,1.846510148861317e-49,1.6324600178457344e-53
5.19867236498589e-116,3.8171271747056702e-118,4.705645687592169e-121
1.6807073631277676e-19,6.1587275621605464e-27,7.515135038951496e-24
1.291016800106758e-20,1.0408558572195022e-15,5.336675812317546e-24
3.711657640851465e-59,2.8647588766633304e-58,2.9219562328833845e-63
2.0392711923173703e-13,8.645436746452152e-14,1.0921274716547105e-10
5.826189675416235e-52,5.043371049226109e-54,2.8738751317611194e-54
7.907209392945898e-36,7.03717829350213e-35,3.794328392372837e-36
1.0793652756386666e-05,1.3881809281821306e-11,8.324724457139439e-19
1.779206594900789e-08,3.499121860819732e-10,5.077949803896667e-08
2.783252201154585e-14,3.388919152835223e-20,6.434702453430291e-20
1.3242431697304203e-18,3.7118853030371576e-15,3.350585448187439e-21
5.055171004008499e-49,1.4817097889019676e-54,4.501967827552252e-57
5.269895381100061e-12,5.317159457480449e-11,2.7909963517257385e-30
1.5079296356127686e-39,3.241526770118739e-47,2.3085039043240207e-45
5.907136674814052e-122,2.9048515467070547e-122,2.2687200594004277e-124
5.071504603304515e-06,7.409884005169155e-11,1.7710618383104951e-10
0.008095468076008198,0.001372622111072273,2.988413038193572e-22
2.93634902900995e-05,8.272083775780502e-05,1.8824743026558548e-26
3.180125857260425e-10,5.980008665675295e-12,1.0336070129045478e-12
2.0916959903839295e-18,1.863293766371407e-19,4.424272394946649e-19
1.4690150311837562e-134,5.212670278972558e-138,1.1919933106869572e-141
9.571991512612724e-09,2.4797848163329257e-12,1.0845432175533322e-10
2.160707694148471e-84,3.8511801928717336e-89,1.3098885901072201e-86
1.4080872107522502e-23,8.030671102827965e-23,1.1640943423615728e-34
7.678864471642244e-33,1.2989247694915244e-33,3.241572602481567e-47
6.557435249321194e-29,3.510491282107119e-34,1.252478307985072e-46
1.3784721521634988e-40,3.276574251755779e-39,1.754061949866922e-37
1.7565302449714197e-16,6.201682186816208e-16,6.125182437324158e-17
3.576832129461533e-49,7.238900225251693e-65,3.5158629297577577e-57
3.417887461264036e-19,8.80421685584635e-16,2.2114043178997852e-18
6.0434787212124475e-28,1.0164316184738517e-25,4.229507238212912e-26
2.1510151634092242e-35,1.031303353429077e-37,6.466955797204836e-63
7.82076430337321e-30,1.2025248493486418e-29,2.5997040894168714e-28
3.318906849290862e-06,9.737845913264466e-08,4.349754709522771e-12
1.8241830941633335e-09,2.854278198337734e-10,4.341363614999751e-11
1.4915836358097943e-32,8.710692337469347e-36,9.562349087913717e-49
3.5506847153839874e-72,1.6448615386986178e-72,2.132479591943542e-72
1.9317195542131015e-149,3.5088729908820293e-149,9.965649649887239e-158
8.337746903757704e-115,1.1912841015353884e-117,7.531157621948855e-117
8.07087255883402e-23,1.7660065530100458e-25,3.661190719861977e-46
1.055094352956134e-55,2.0073894229143805e-52,4.8198187470563455e-55
7.141982630167053e-80,8.033107809016836e-89,5.079294689563838e-87
1.9589177192615747e-34,3.51915666793997e-33,2.529687410410671e-45
1.7402498901505493e-51,2.350888196054254e-53,1.983130905942529e-54
5.721979487178665e-07,0.00377834466128997,4.994457393994915e-10
5.3866514030034894e-67,1.9719123172671533e-68,7.64331722252341e-70
1.0804148877467795e-57,2.2790719143307853e-54,3.2916904818704184e-69
1.1513984195240158e-35,1.9055309110916682e-35,3.999343450428054e-33
5.838750439630976e-17,3.764018234420044e-21,6.095640876721402e-20
0.03386577405624051,6.028476367493854e-07,2.495813709326905e-06
1.0900151990946925e-54,4.331044692972944e-54,1.401602119977759e-59
1.8063604868637448e-56,1.8713115117606322e-56,7.798061908291407e-68
3.1837302782609334e-38,9.377596973129226e-39,4.6169817657908895e-58
7.632071827961328e-70,9.215105966961728e-72,3.879390101902439e-76
2.646503871138449e-23,1.213659821231388e-22,4.96605295267312e-31
6.201175006600625e-33,1.386493017369091e-26,1.663951414247695e-31
8.792460262912067e-39,4.931366411380059e-38,2.8286920279326733e-41
8.0487331989592625e-22,4.9990351084833125e-21,6.895555578233387e-26
7.022529681980272e-125,8.468748220540609e-132,3.5633163154200995e-136
1.7786723746872717e-08,1.3378971839023757e-11,6.620362588845774e-36
4.748236132387148e-11,2.393096885538019e-21,4.258549057232189e-19
6.346168644437929e-35,8.1533474944331e-37,4.581451188745508e-50
1.7316351035468313e-16,4.97879809614142e-21,1.3666486591723845e-23
6.496721756708629e-87,3.142752014049214e-98,5.307821710232042e-94
0.0007122052863757711,2.971728666723179e-09,6.563985494927758e-16
1.2825657697188614e-31,1.8561738189756158e-33,1.8725460194236538e-31
5.910512328099275e-11,1.8672427338133962e-13,2.9582715909540193e-20
6.03793895992549e-168,3.538924771568979e-173,2.4925365047342446e-172
9.300179492193246e-13,1.818552717288914e-23,1.5739889334317598e-24
3.0014029671260996e-40,1.0772330062692813e-39,4.3760719918033465e-43
3.4128817369762203e-23,4.354257122438728e-27,1.6638319675704872e-25
6.0756278396222825e-80,2.200145166529101e-79,2.96329217844464e-95
8.479935027000539e-47,5.9708271818494695e-46,1.7842738227137027e-54
6.363853773481073e-07,3.50032645023578e-08,9.64649438915632e-20
4.8496570785763745e-37,5.213100419445408e-41,2.1746899007551926e-40
9.914597223788094e-83,3.946404951740899e-82,1.9072328490749814e-112
3.2769345902563583e-18,3.944381126192692e-20,2.7453920348618357e-28
1.5460227579176645e-32,1.9819713340921785e-36,5.791344294418956e-46
7.586205322193785e-07,6.003438488502505e-06,2.502026487791789e-08
1.7465696773546126e-17,1.4007261976981868e-18,4.445650710415977e-21
3.979514157760808e-48,1.2178640899896864e-43,1.539773211757378e-46
1.5172532183482082e-35,8.775984662462465e-35,2.3783537823406137e-37
4.1609059436458725e-79,1.6134200918214596e-74,2.5109176722993715e-108
4.7953209362572625e-28,5.998345059432309e-27,2.405333247335148e-29
8.301545201550067e-39,4.040950957178452e-36,1.0397236720579661e-50
4.818946120888685e-11,3.511579240253693e-13,5.388470145577475e-17
0.0017627843721954792,0.00089690654388781,9.267329494802042e-16
1.5544150384380982e-70,3.683123167072014e-74,1.1626001234941392e-75
1.3757748440881447e-16,9.074804056590856e-21,6.794617229167143e-23
4.305750740681036e-104,7.3900553919516e-105,2.9078947356547267e-107
7.887165616887177e-13,2.8999152196939495e-12,4.574737407098943e-22
1.4425608716345732e-21,3.8543906943927065e-27,2.2264018912740546e-23
0.026401134448412186,6.4901084770760355e-09,0.07357971591470679
5.644989801909753e-149,6.041804827382737e-150,5.430113392432106e-153
1.7913930793363902e-08,3.110379625041553e-10,8.331544976137795e-09
1.9483171896238163e-44,7.441626878889886e-44,3.526930348456158e-46
3.9130488971924e-106,1.5611080471605726e-106,1.1202174975302485e-124
1.3849397847906922e-11,4.374347696787305e-10,9.823151158074778e-18
5.28125301197719e-64,4.886215840820422e-66,1.203202043148011e-75
4.306207400614913e-30,8.028360574599689e-32,2.959965933077276e-33
4.3225923929793474e-126,1.1301309154689855e-128,3.1492849191187823e-133
1.0646682270034971e-41,1.1724179481065703e-38,2.6034292706587156e-41
8.479789900774219e-106,8.674389449360577e-105,2.2477908756593794e-105
1.4518751112304835e-44,8.23738790158954e-46,1.3020991593459098e-44
5.3013629731794254e-43,8.223903001506811e-54,2.4155111424524295e-44
2.7470846088619896e-96,3.046091454857552e-95,9.92159593613455e-105
2.0068188285728338e-21,2.731487290903819e-20,4.8691115140132906e-29
5.487391475283651e-59,1.9966331417586016e-59,3.4915117715998733e-56
1.8188371356067327e-19,3.4799677683775896e-25,3.0670050681133356e-26
3.7556708602125435e-60,8.639871394383478e-61,1.2106260577997422e-61
2.1961956362412198e-66,9.551873588522297e-67,1.5660430342072305e-65
1.1771644579427058e-11,7.70355861471562e-11,1.6490011069917096e-21
6.3632481259711495e-25,7.303648366655038e-24,3.096842830643268e-23
7.495394419358444e-12,7.043067598393249e-16,4.875802188007568e-13
9.079473016168216e-29,2.3624086362971836e-29,2.5123466629659283e-32
2.2255750691333168e-05,1.2177993865238364e-10,1.7082206318292194e-13
0.0012897056184922873,2.0957032438572505e-05,6.432071987056699e-41
2.06450219774444e-28,1.0946666372231076e-28,3.2748060339630923e-80
0.00524645794396516,4.155779832070545e-07,1.5509358752621924e-13
1.2854866660201105e-33,1.6975997172366274e-34,2.2618715081016583e-37
7.771650855687156e-122,1.9976611400147743e-122,9.69620215024034e-127
6.950936390172535e-22,1.7699445648325573e-19,6.561104318887807e-21
4.667266152148357e-15,5.244300513943945e-12,6.466242627182743e-16
2.0604376913746398e-73,7.985854906029705e-75,2.391108857226857e-78
3.3169889713590717e-66,4.89172081198735e-65,2.5337282371992234e-67
4.9627728737639826e-17,1.598844990501935e-18,1.129425189659182e-18
1.7338714485869535e-113,1.7990049617061787e-115,2.3730990090402824e-120
9.159380351344063e-37,7.786904487755119e-41,1.2770830133635065e-58
2.8087566472909503e-09,0.00011099649120136428,7.810470877738122e-10
9.781837199122158e-91,1.049628464186389e-91,3.3039840751835597e-93
5.720236379488466e-101,5.6777071964551945e-101,4.925746226747643e-99
2.792706838308857e-17,1.3919527304383595e-19,3.4349676772478613e-22
1.8088599665724998e-05,2.448397231090975e-07,7.848353628170203e-05
2.9691027300794708e-21,1.8089312659771725e-20,6.685052880281212e-24
4.001471826268856e-09,2.5238847613583277e-14,7.51339147814862e-16
2.4769820090155054e-25,1.0007707571982409e-25,5.489425226139691e-29
2.7523950330133678e-47,3.0429263924478257e-46,6.323373059405966e-48
3.046117112926929e-20,2.174433768438988e-22,3.5001796853041953e-19
4.650034020409429e-07,3.199587699065076e-06,1.0115503901752513e-15
9.1113809187569e-07,2.5820216336174e-05,3.423756725365691e-13
1.8365381932170646e-93,9.300527828859333e-102,2.750218131042184e-91
3.729374391462512e-66,2.4536795817076033e-69,1.422589176873272e-67
2.461517053282911e-09,0.005137094397335126,3.8943597719612395e-10
8.953330128311815e-17,8.155377263355625e-17,1.4991168535942644e-18
0.0026796726758187535,1.4129821940602058e-11,1.4049398907744168e-07
3.395430847161781e-13,7.518304068680047e-16,8.077973117373058e-35
5.3284489551016296e-45,3.1666886225238095e-44,4.2815040493167744e-52
4.390272714645079e-122,3.0628526474668916e-117,6.690976714988788e-120
3.6016312842799834e-66,2.951896013304568e-71,3.329465408182901e-72
1.2578918001231249e-45,6.585484808821407e-47,3.3618594772814292e-49
5.1772949388703174e-58,7.538044891931649e-60,3.548062671980223e-79
2.0807156901846084e-09,3.484025125056081e-09,5.493853706709458e-16
5.049632066914147e-15,3.477605107257369e-14,1.8335133107237746e-18
1.944215238189292e-18,7.515041820994051e-19,3.665551308755629e-21
1.372065067439929e-74,5.024803308591103e-74,8.679105980316111e-77
6.793192709858167e-37,1.628931511572479e-36,1.853244282267083e-59
1.457525176897734e-100,4.5223788360310235e-105,4.435034868942179e-126
1.4467850562829044e-60,2.085338032940157e-59,6.737791407198289e-67
3.022727385095594e-58,4.518631708508543e-60,1.564251785014163e-60
6.398859707025183e-28,7.292582729922965e-30,4.078994276977181e-35
3.0164811202366483e-94,2.5846870538392513e-93,6.424086500829323e-92
5.56248406173645e-77,6.23112503649124e-77,8.617204327372164e-74
2.2476096877105604e-42,2.0922231498857655e-42,9.009337647939863e-47
3.2657648124456553e-56,7.140951189920249e-58,8.487328281912125e-59
1.9993975950124705e-32,2.3899781977007117e-33,2.0614480801293118e-35
5.727241705665852e-26,1.221159192555089e-23,6.543777016844507e-43
2.7121351074001154e-57,6.977616532544003e-59,1.3949387150555717e-59
1.1899073518300336e-63,1.5633306150688742e-65,3.442000916256011e-70
4.736378872550522e-09,2.0193210933351532e-08,5.334944749848264e-09
3.471770880156267e-18,1.4329982209421052e-17,1.1870903464517e-16
1.34508658092226e-32,1.65667521115609e-33,2.499630075218623e-36
4.6129570172086987e-14,5.474046008482314e-18,9.321672955430014e-30
9.413997626114818e-14,4.774057688373497e-09,3.568275179806828e-17
1.3402450248075587e-05,5.037984815491772e-07,1.5642408856365452e-12
2.9025984591986294e-59,5.261630311897723e-60,2.0828033949994827e-80
1.2831111267033291e-13,2.232483884749572e-15,1.4569434396801813e-29
2.364836917399595e-05,2.5804265159158973e-11,5.101978684200772e-11
5.678718364965521e-37,1.089255919504271e-39,1.6066454660480273e-48
0.0007422368900153901,6.47241438620391e-14,1.4305532956267043e-05
2.1579335008671106e-44,6.153313160952391e-47,8.006808297802339e-46
0.08462394241333042,1.480238931460529e-11,2.189138002210527e-12
1.35845635555785e-39,1.2233605011012165e-38,7.106336595757827e-42
9.542989634290137e-18,1.9409597368241584e-16,9.571046716840585e-39
1.6468861717756357e-73,6.560739594882544e-72,5.453678412647807e-81
1.2957597656856656e-23,2.286263047718389e-25,1.8668717550635653e-24
5.369468704007371e-74,4.407217309878867e-73,5.118530155662128e-85
1.1202683524424143e-09,1.5780724185201677e-12,1.3227149704209756e-39
2.2790185607339744e-30,8.335079704263793e-32,1.3678093732438185e-35
3.5035678713660696e-63,3.8927311334349775e-63,3.3029999357154145e-65
9.81092222217958e-20,7.618807864328862e-16,3.172798692728345e-14
3.994015956087723e-93,3.4062440324942024e-98,1.096414025137942e-120
1.7629732395540087e-15,6.987888961003892e-19,2.700941616494217e-25
9.967000636537985e-92,1.196224152012518e-98,3.8326987549639057e-90
1.350958461229507e-14,3.430333176590766e-17,1.4040810430580893e-37
3.3631506168168827e-59,6.10800107954802e-64,7.288584485864517e-61
2.891053562905967e-08,6.1209622746189665e-09,3.483918751407868e-08
3.926373540602747e-34,8.821289131520307e-33,2.2666294477332733e-37
1.0427969011597488e-54,3.0700052013145527e-56,1.0779250521740315e-56
3.5336004649672944e-34,5.2840980584965436e-40,6.022095097012473e-72
2.6355074794936737e-46,3.6700444157308443e-47,3.227827821549601e-85
5.1072837660553444e-08,2.8206920908322902e-09,7.934221490577721e-11
8.954518037329567e-135,2.2291085272935124e-135,3.390954448987751e-140
8.13129468503857e-77,1.2163969679891749e-77,4.0675863961657946e-79
1.502014200047566e-46,4.486788434878984e-46,9.776484446905202e-51
1.0925284282417964e-85,2.0741344261215208e-83,8.200754219091653e-83
9.77136515033319e-14,3.651835345876687e-15,2.552719021136527e-15
0.0017677244820851255,6.5677265596839e-08,3.4285791918261024e-05
4.037259719996341e-12,3.107195741385024e-14,7.267001739457606e-20
1.0450744543989518e-14,3.9173633920687636e-19,2.8593783483124706e-19
1.6466584005012323e-35,3.409475363267284e-37,1.26345845893016e-34
2.105653935866113e-30,1.9577062096063486e-38,4.482614485109139e-32
9.365458857971518e-20,1.8445263252024354e-15,2.885005593110889e-17
4.978004103143293e-131,9.707843246059803e-130,9.319047629334561e-145
3.178327700675084e-36,3.4147317939848726e-37,2.287801526950084e-36
1.5577494228363534e-17,1.0381576297048983e-17,5.681905383796247e-26
5.5337162583350156e-11,2.834334602515687e-14,2.6896209950487204e-15
6.313685275263831e-08,2.6169925214343005e-07,1.5384913149397983e-09
1.4927569541144088e-09,3.3429368159384024e-16,1.865530211590158e-15
1.0407432858604587e-32,1.4183213724532069e-32,1.6056927003219063e-35
1.5008942785671861e-78,1.6162484232313996e-82,7.383419980556115e-89
2.4179509946762252e-06,1.0773498574252915e-14,7.19825419446925e-22
8.258924983902512e-73,7.251704937260223e-73,5.8354437370301475e-87
5.106628171167039e-61,2.0237593482973493e-66,1.0577133306801364e-80
5.118136707357889e-27,1.732847109429094e-38,7.791487993312257e-30
1.9317516169720477e-25,9.48772671629114e-27,8.575461193460476e-33
8.638919533214551e-37,6.8287823186591975e-46,1.4262956176686865e-55
4.4815285462248145e-17,6.360839607069282e-18,1.8267208047503126e-50
6.350343943798331e-48,6.418289704254746e-45,1.4643002053384743e-47
6.687317324869164e-79,2.2106268443554026e-75,2.9187149078982104e-85
1.4144629666577758e-13,4.3200825609830025e-14,3.712398835851209e-33
2.00308340508048e-30,3.306991107330485e-25,1.0642812265501366e-29
1.2384664275731794e-51,7.920159668525847e-52,1.4980825286991032e-64
3.188224317424295e-91,4.579803152612595e-90,3.773655903571869e-93
1.1683305919512901e-149,8.807027529834782e-149,1.8062855592607917e-164
1.1807101507353612e-31,4.713244121105092e-30,2.7257897775465124e-37
1.9635480428435116e-25,4.413888927119447e-25,3.0296808971655653e-25
5.981315317063778e-56,1.951367049089531e-56,7.406088324554535e-55
6.103576534273307e-30,1.536341233818734e-29,2.6116930186829235e-46
1.0040500329762899e-35,4.689879829936693e-34,1.132556088306569e-34
4.520065637366171e-71,4.293525623244018e-71,5.0918925104954577e-85
5.002593793081014e-131,3.536489137040538e-129,1.4303203034618649e-152
7.598609274482342e-18,2.3334312832768937e-13,1.821072156895317e-16
1.619726479297188e-33,1.5573493112414167e-32,5.254626844922009e-57
3.612822527732048e-218,2.6294918737286646e-218,7.58293230397226e-246
1.2377602129993895e-39,7.003162189304322e-36,1.0440875128149372e-38
2.357608457998804e-58,5.865918324699093e-60,2.8370109804725483e-58
5.91452861415508e-37,6.126890938726571e-37,2.5681722063197116e-39
2.72331257082606e-89,5.076087926616368e-91,1.3051357213998688e-95
5.8243594154592594e-39,2.00041747662776e-40,1.8408586351118604e-39
1.8252090805456403e-64,6.700813880930916e-68,2.2577571056249522e-63
5.669344950210048e-16,1.4540959153887667e-18,1.1029948961332944e-20
7.529023626291382e-30,5.885238988741549e-38,5.407052551397061e-56
6.929805018483345e-175,1.1403032735335433e-176,4.101873963860311e-175
5.006965464588773e-16,8.208117823769612e-19,3.5089822071221976e-29
2.405719107357062e-21,3.9012751620106174e-21,1.8644642853796098e-47
4.504544380696841e-17,2.0421486253917076e-18,1.9333116209810093e-18
2.642668230986628e-23,1.1018685835723373e-27,8.011476218665184e-26
7.511918313513572e-20,2.237066226876977e-27,3.484053385045766e-21
3.343201540609011e-26,1.169707660001318e-29,3.904925481953712e-29
4.28452907515749e-79,9.021491042754918e-84,9.216907634705666e-84
3.0926177205688695e-23,3.686629774975178e-18,1.1867781311136224e-20
7.525316794898861e-28,5.486003630401522e-29,6.561948677597111e-46
1.6745320743633914e-35,1.171271200495287e-39,7.764820682953793e-39
5.5371749950408955e-17,4.8437327749643596e-14,1.1971730199252692e-25
3.354420791689598e-83,1.3983420977283074e-83,2.2555251697952275e-99
3.0294596613229864e-58,4.0467741522871684e-57,2.982480033802221e-77
6.207551903493336e-44,4.950414168241413e-52,1.2113272407524999e-49
2.0908049631884734e-29,4.463762523871155e-31,4.353625537695991e-34
2.362437155839692e-89,4.122507909136198e-93,1.5109955319171153e-98
4.9128920680077396e-85,1.328959900755566e-88,4.985198974457464e-94
1.9456359999112774e-21,6.028026344385337e-24,2.8282028489731054e-55
3.3259379490330475e-24,3.7747121774106397e-25,2.3689667109893893e-25
2.9655460613175256e-110,1.1244131440232405e-114,2.619375369376116e-148
7.957538620330069e-46,2.172119272136857e-46,7.248742699185506e-63
3.7762742692996125e-108,1.0647379057126222e-111,1.7670766357516614e-107
0.0003386982592190561,0.0003880734828186916,3.171873090215336e-07
0.0044575462813291385,0.014501953165765982,3.467518330219369e-08
3.870997947575051e-139,2.2407004429750548e-139,7.240966434727152e-165
1.247006538611198e-64,1.7050531090391096e-63,1.1507917949636542e-65
6.6836310745550555e-15,1.0889206170871589e-16,1.2831530685962774e-14
1.1919494788322794e-38,1.0925768682731665e-40,2.473809193100476e-44
1.01676678113793e-81,3.005539022598294e-81,3.912160655185034e-86
2.5155813502686855e-30,1.072186556446932e-29,5.737445060321816e-45
4.1243208779110525e-11,5.377917408706552e-13,1.1642165411221186e-13
0.0010315422232923263,1.2636336428351138e-07,1.261603121911965e-16
8.748515179214661e-73,8.462829120638585e-73,6.648211128800009e-74
1.1033776837641848e-136,1.0785585656942823e-137,4.1711845047587896e-138
1.4422929463635306e-105,1.402981337747816e-112,2.9841817536862706e-113
1.1742758846686335e-19,2.984125223475683e-21,7.60193091990316e-28
3.850261397258956e-28,2.0032636337890282e-27,4.911005111024563e-40
9.892643033704116e-98,7.029480093714713e-95,6.558209272330216e-100
9.370844269512703e-07,1.4019164230956004e-11,8.02578685404829e-15
3.2995242430818725e-16,2.095215754457234e-20,1.9793290790145794e-18
7.1700875740240285e-93,1.285202272369866e-91,1.081180019475983e-92
2.048615688182867e-38,2.6764933945043893e-43,3.306169555092135e-47
3.259813520797126e-33,1.2882438728182669e-38,2.4753159971206973e-39
3.1425587320313346e-19,6.3613734749459945e-22,2.0741753281985318e-36
7.373097751197117e-07,0.010469380716954569,3.3299393820077483e-13
9.137733917316246e-91,1.2273901606971558e-104,2.1542637827452104e-99
5.740762176420349e-138,2.226805728099628e-140,5.996851736325758e-151
1.1618496259206619e-57,4.3305176064026406e-60,4.752914868702314e-76
4.954392874895874e-22,1.0876496009922436e-24,2.1283577122335354e-37
5.33420544870502e-151,1.1478237917883266e-150,6.262126642259866e-158
0.004043346992408265,2.0469071355499163e-05,1.1271351250567409e-35
7.1747197744816415e-12,2.1894012921315905e-10,2.0321501269214188e-07
6.783466564738446e-141,1.980216939079811e-139,3.6592123764799936e-157
2.539827947141811e-39,1.9657605783850343e-35,9.0772736342929e-32
2.421964860299486e-44,3.6305530617767346e-46,2.9638549518426364e-45
1.006829734677321e-107,5.111522005281542e-115,2.5578392178285102e-124
1.2038595697405547e-12,4.209524846309648e-14,6.7644414452741265e-18
3.005369719058258e-27,1.1520673213960489e-26,8.798390337555578e-34
4.226200454952596e-65,1.2431511040597677e-64,3.341845331012887e-66
0.0003578697639607148,2.36982825722803e-05,4.34076798626527e-08
1.2865624631217592e-35,3.6400168648283955e-39,4.8655155279280384e-60
1.1964784921638979e-82,5.2231046089784814e-83,4.001929435389674e-83
1.285662768092567e-64,1.2590112333996323e-63,2.339675155092105e-69
3.540534416064019e-10,1.529935688058363e-11,3.409060299170768e-07
5.904599787600758e-06,5.945945894606311e-06,2.667820254165769e-27
1.0252906506992873e-14,5.2239475383345303e-14,7.882445331986766e-23
3.3593808764994064e-21,5.284498815069183e-21,1.84303912470537e-40
4.615652473191973e-17,1.6702794264703198e-14,1.3058992246752413e-20
7.079473335776616e-25,9.876822128967001e-27,1.0269221672666264e-28
3.754993112803776e-34,1.0817324932506498e-33,1.4423897748620814e-37
6.076557242551526e-59,4.6777663343676015e-59,5.049050197212908e-69
0.00020440173848206177,0.00010564125554620129,2.3236088431524079e-10
1.2155317372548257e-14,6.776559983384372e-19,2.851434365570035e-27
2.899602592533001e-63,5.132513397691901e-66,5.368471289375779e-84
6.391823021668969e-92,5.351034099042668e-94,2.5189398053404305e-94
4.1800870071742564e-57,4.483305545631467e-59,5.274564491787837e-58
8.889434532696095e-23,7.513192190985811e-20,3.1591337062861827e-27
3.738460088971792e-52,5.872614763546801e-51,1.282632634158604e-59
1.5006330736130394e-21,9.892535755654734e-21,5.077474315077619e-34
2.2251728450738166e-33,7.819187060375708e-34,6.791795056827353e-39
7.867444369944809e-89,5.512025722537509e-91,1.750631429869788e-104
6.670444865033678e-07,2.864730941961108e-07,9.356308671447917e-12
1.6144369654242672e-75,1.4134903911435618e-74,3.5720039025980286e-93
2.4682503841254546e-68,2.96021163680946e-69,5.694878721128143e-68
2.8281804067823315e-67,1.8298420118420673e-66,2.657562688824319e-105
5.867545813156823e-65,7.024827110130383e-65,2.1459641680859707e-78
7.019434772322149e-12,8.492677977587159e-13,9.925100404467872e-23
1.1334407683990334e-74,2.452724781101313e-78,6.323842015967257e-79
2.3265700947708783e-09,1.8651136920735835e-06,8.080732378276275e-24
1.6733850148111062e-12,2.0847945351412703e-09,2.4436073585741387e-23
4.24024579002536e-104,1.1399047662302142e-103,1.01172407906223e-104
8.167473213835213e-25,5.107083770404082e-26,8.255895938607879e-31
1.1659496973676262e-08,3.7352189394448685e-06,1.1045869122248637e-09
1.139251412586308e-55,8.662585272995871e-55,1.7564707458162477e-72
9.588910832370343e-50,4.646232923542989e-45,1.8944332761506433e-54
7.328308038903768e-69,1.9556098080925237e-68,6.990431716454353e-69
1.1325148717468334e-38,3.959992465949838e-39,1.5332157837421965e-43
6.219879887792617e-41,1.3018114138885268e-42,4.18432617996707e-66
4.782403903196648e-30,6.829311919404053e-35,2.2697196373631094e-36
2.2519733385946723e-26,2.3398160914631042e-33,8.005020910739006e-27
1.6405801643793836e-10,4.9291900190671357e-20,4.678727823120334e-19
2.954886919508042e-23,7.050167090396672e-18,1.0920116088844318e-34
3.2942216799205576e-75,7.725493929902647e-72,1.615353313520043e-75
0.011930407966040604,6.84463774423102e-06,1.652371939452071e-07
0.00030191452196519033,0.00037512778973067853,1.9725220101006327e-08
2.9208951455317256e-79,2.5255103070471044e-80,1.0192642003616513e-86
7.50802374631536e-116,2.1239568468691603e-115,3.759232969567576e-119
4.4734919416805777e-281,1.6064126102016936e-281,1.6569945423609903e-288
1.0350320878916605e-59,1.374662209623138e-57,8.541788203998393e-64
4.968451781151451e-05,0.0003471915445034009,5.37270233861506e-05
6.437597589994497e-60,1.5723521762331703e-62,5.662846973945922e-67
1.7829343779145969e-09,8.735365684278386e-17,5.658173806850372e-21
2.6550501384672554e-12,6.312995434580938e-12,5.5870761482796734e-14
1.0598785164995019e-31,1.453186628038003e-33,9.622494195653606e-52
1.4189692305936603e-07,1.1584294477328286e-08,1.0149460151996324e-07
1.4918344706641043e-76,3.2607960100154246e-78,2.769342761378462e-79
8.092916511081832e-58,5.0695939623624634e-58,2.3586473660309883e-72
7.389238017104358e-64,1.0955792132263878e-63,1.2436447641829234e-75
1.7882057679976443e-17,3.0550680188497733e-19,8.336008190725613e-46
3.4006786473136667e-56,6.853407613487264e-59,4.1652058124522956e-63
5.433796358138338e-171,1.1886187813553778e-169,3.2200814535452525e-179
4.0378606281210663e-13,1.626892779371905e-16,1.5307816541126965e-18
1.9941542487609564e-72,2.2466376363357485e-74,2.7831360825335395e-83
3.354448423269171e-44,1.9668913165538855e-46,4.710040522554095e-47
4.176125464072795e-201,6.015698376544141e-203,3.8890134810387334e-202
1.0952315918539622e-10,1.99686877190139e-14,7.384271136958985e-10
2.0684660773111215e-09,3.433099530085048e-19,9.71523006767422e-14
3.614046775618508e-22,1.0411783669262268e-21,1.0546781238004414e-22
1.4506265576815012e-27,3.058607080110752e-27,2.3335126879685476e-34
1.2162074332769603e-85,1.953185373667066e-84,2.062846935521665e-94
6.688569334173313e-19,1.831750444887526e-21,7.147153142621609e-21
3.298780335482529e-142,1.640366780063349e-140,1.070892388980533e-154
1.2915583677056586e-16,5.696417005586586e-20,2.834952877456217e-18
1.2886453022358018e-23,3.2514363059847734e-23,1.84932203634568e-46
8.026978605132785e-47,1.6581887439197376e-48,4.4250173576401976e-61
3.180029187288729e-93,2.344097859054036e-97,1.897878038733467e-92
1.818384581150914e-24,4.515354464348523e-24,4.565121581552308e-24
4.6285266956170096e-86,2.5005165252535994e-85,3.141288143668857e-104
1.6846515640681874e-39,1.3001897825171572e-41,8.004010466351742e-55
1.4430534913537048e-20,1.2170495083402162e-25,1.7331322033409743e-21
1.0246105561494739e-13,2.9199396753203504e-15,1.1707518378252451e-19
1.4835185864981067e-30,2.3977662649664046e-33,3.1968909305693644e-32
1.044426913003735e-15,9.387091745706608e-20,2.4509686957657826e-27
1.0885818270459268e-68,1.0258130460016545e-69,2.627843915519414e-71
7.582632023039636e-17,4.015806268837355e-14,1.0553554451935892e-36
1.577003424986541e-41,3.010350952118327e-41,1.0468935885669315e-45
5.200650849481483e-38,6.248365665435315e-40,2.1382652081189826e-43
1.5153016635096256e-08,1.0715555991190954e-14,1.212555822624063e-13
5.06785083243596e-08,1.9850231462846633e-07,1.5069700070751715e-16
1.5436407670703073e-17,7.1436757019778e-22,1.0018535652156967e-17
7.341008033651773e-25,1.0916362605659527e-25,8.457353752164646e-28
2.4937895371306185e-13,1.736648751923775e-16,1.606094806116018e-13
2.961490522648058e-36,3.5649863862873705e-47,3.0064713331664605e-44
6.09691432704691e-13,1.6465508172605556e-12,1.3476167920514414e-12
1.2162064415490071e-11,1.9580247111778346e-18,1.5906360023898963e-11
8.372349810278546e-29,7.025692196319844e-31,8.75347584320203e-30
2.731114029926713e-66,3.6225557456021924e-66,3.5609129716840313e-75
2.1716413543541893e-22,1.7132378227804485e-22,1.5971091788414846e-22
4.639541049557662e-28,5.9615939418902075e-33,3.867646637765847e-36
2.0995755490489955e-43,1.671134080117266e-42,8.23704140291001e-58
2.0786223043240037e-07,3.253094175444973e-11,1.78023954165886e-07
3.011895642851527e-110,2.0817585029112572e-110,8.04749638257483e-111
7.24057436714121e-33,4.231926873822166e-33,6.856110575930728e-35
1.2264277677722941e-33,3.9545369445577166e-32,2.6170220736695024e-41
3.4068738166064344e-38,1.1754308932026305e-38,4.4395549521586835e-46
5.725839120821837e-20,1.797517867150795e-24,6.590402909410009e-28
1.6763288615022194e-55,2.209090084838782e-52,6.957037201770119e-53
9.288422099842283e-65,1.771646130729831e-60,9.201038921079532e-93
3.877092744911838e-06,3.22526933590656e-05,5.539410901036782e-08
1.6077815308134677e-27,3.587763661577691e-26,3.357440439255322e-37
4.223129488877016e-24,3.3304504534922125e-25,1.6635527972111266e-28
2.6554954060436e-138,8.202285415699726e-139,6.422274990708283e-154
7.892205873053196e-44,4.438469681401002e-44,4.1159624963268306e-49
6.6580317006563116e-21,1.5611961712529488e-23,1.2989177912107605e-19
2.804632550381542e-44,1.1112050704512972e-41,1.2566978828732182e-83
9.369312513788373e-17,8.6118629493891e-22,7.652034650270725e-33
2.203244414262266e-15,1.0088948267467114e-15,4.089190669726079e-30
6.582671888861774e-55,1.6104794402821216e-67,1.9222340508078732e-56
0.004417122509392728,8.003623216145874e-05,6.656038981816722e-09
1.3626740390459761e-49,7.618414129776355e-54,1.3351303323946373e-50
3.160123451738643e-162,7.213046118020957e-163,2.2249252443149037e-166
1.48998334566953e-42,1.7755690456327348e-42,1.3204524237820925e-72
6.724319907469079e-29,1.1642759623641933e-34,4.637004170400271e-29
1.2932979264781508e-06,3.977825853853563e-10,2.7538912659328704e-69
1.465349856793261e-37,4.805654764075441e-38,3.6606032931694753e-47
8.473431955966935e-37,9.927517312894867e-37,6.5180505541672426e-40
7.367019405470247e-46,2.928013685986823e-44,2.606158395471884e-43
1.611855045042237e-09,9.012763305946661e-09,1.3014449459165185e-12
1.4439840586523326e-108,5.0831667742794186e-113,7.478297988531272e-121
1.8520944403114036e-22,4.3255100877242095e-27,3.10656636231159e-25
3.7002750707524795e-24,8.968697974173185e-22,8.868183742497328e-31
1.4690912197286183e-38,1.32473237333842e-38,2.6414454199006172e-42
4.5372880337010403e-07,1.7191505222812769e-06,2.3804114694916727e-06
1.9605349932861686e-40,2.1718591349863766e-41,5.2316526402173694e-49
5.2216957510123184e-08,1.044769616668304e-11,8.279877877140166e-14
4.527601369058121e-37,1.9386040003699124e-36,1.1938820764978945e-46
1.1269329621351285e-42,2.8625615865177336e-44,6.292910096346098e-44
2.4156126806091214e-95,1.1512149511752696e-95,5.563633541188697e-99
6.536393433322862e-07,8.195919856446654e-05,2.257714562633047e-09
4.199967622046218e-147,1.4471055719260894e-149,1.5034329253158236e-165
6.648594119686719e-66,3.368071610767511e-64,5.03530662615586e-69
0.0006545580747479067,0.0007510654619941814,0.0003927559877885512
2.188712765995923e-20,1.2361621604592574e-21,2.584513623897554e-17
3.160241735761e-144,1.5965462092208325e-162,2.08062863324409e-151
3.2474636965023615e-74,1.3684534680085207e-74,2.4854033549347307e-108
2.9885026125274135e-62,6.384788545924633e-62,2.102463781400598e-66
6.992902968612236e-12,1.1987619170300178e-18,9.60248758508312e-25
1.4712443960727749e-53,6.83356274116082e-54,1.0273200231847332e-62
2.576912351659901e-19,1.0370582078085672e-19,1.6906294400694506e-50
2.2940726307483004e-56,5.587112714712523e-56,4.0482720791879464e-71
8.357518922321653e-07,2.7610034354840763e-07,2.3619476341000927e-08
8.685773271081556e-33,5.8419299796482965e-34,2.5462594190875548e-33
3.672766020490751e-18,3.9995327369757855e-18,8.06743198232404e-20
3.600540302586444e-41,4.266813492183222e-38,4.821552966509006e-41
2.571387485442233e-43,2.964618621464057e-46,1.9025203937638697e-62
4.196010729989956e-21,4.595033527093609e-23,1.274446534654803e-48
7.426720340613389e-63,1.2402433462687387e-63,6.97690205652375e-67
9.584860510224635e-57,9.596530973132354e-55,2.8585126603411424e-55
3.8897347175653193e-69,1.1751556844437078e-66,1.4633885129650281e-64
5.9345492123582e-40,9.379029623813357e-43,2.4874281565994086e-43
6.440731418508704e-14,5.024780250156772e-19,1.00514413889351e-19
1.4649031688277395e-18,4.0175558387877306e-24,1.9267581346220794e-19
5.048273932153311e-25,1.0409068086421451e-24,1.8712703302103632e-24
1.2002595126224628e-20,1.169896826255596e-19,1.606874703291627e-23
6.491797941697488e-09,3.005359846330665e-09,3.2574282355307595e-20
2.9198900585125405e-23,2.4930756628032308e-29,3.4884687991268557e-26
1.4260178922611724e-15,1.5341372363269103e-19,9.514904545309887e-15
5.3764921869261846e-42,2.6582619733081995e-41,3.227493085273208e-42
3.0890803009215065e-56,2.4290448156756542e-55,1.5814349700713525e-56
8.672238484944149e-06,6.591957345887618e-07,7.553111608654637e-07
1.5660603770589683e-162,3.0254620631622713e-166,5.485273599385652e-166
7.759952758288748e-21,1.4503281911095078e-23,4.485885239653912e-33
1.8451427556854497e-14,9.993528273797673e-14,4.638566247823772e-28
7.762786320958327e-12,1.5591709757470964e-11,3.5221047892097053e-10
1.1180772880897642e-18,9.489338349652857e-21,8.210580061523467e-25
4.2968875681614114e-76,2.510731405400887e-75,3.711856647477295e-82
4.208435496505698e-40,4.4286974240906165e-37,1.2757690864357938e-45
1.2517336587009157e-112,3.524286153074981e-111,1.9267108442535868e-110
4.8049715930618405e-08,1.2300815569629685e-08,1.0834573036126989e-11
8.38052530648656e-10,1.33831951148697e-07,6.593600091102768e-25
2.341854864857458e-73,2.8375099400026465e-77,1.5285132806149753e-75
3.130777201852776e-90,4.563396208003306e-89,2.4746939269713208e-85
1.1461654573194306e-06,1.3738590104670688e-09,9.075342350344067e-19
1.5580055816607044e-14,5.867866929719726e-20,2.2615027360268135e-13
1.3501460675294407e-15,2.194762594931851e-20,5.082348125922524e-19
4.314986190828754e-13,1.6704518427563399e-12,7.145826705314843e-16
4.716658477253195e-33,4.95274065301077e-34,4.616782067829416e-49
1.05390130160005e-11,3.602421904416964e-17,3.380636962323541e-18
2.584272975439543e-50,4.452774099628789e-49,2.5756459868689822e-58
1.2545721126782695e-39,1.1350013911527617e-40,7.288585526969616e-43
4.402996717646099e-50,3.0870443521998027e-49,3.851650276550062e-56
9.187666806375603e-91,2.3964371588815063e-96,1.9276280704683546e-100
2.2299852833385472e-12,1.5031060612416193e-16,9.525400801354753e-15
3.2462542374031614e-31,3.236512805067134e-33,8.664297187670484e-46
0.00011525180180943995,2.7251083936208104e-07,3.74016918726485e-06
4.575240025495808e-45,1.2313115637880342e-53,2.109998042429074e-46
1.892617502134649e-100,8.725252124525202e-98,1.4108901261466948e-103
4.555420401781692e-71,1.0193174236924245e-68,5.052202544011278e-71
4.572008006872548e-28,1.8686087969858767e-26,2.2050022427004613e-37
3.630141178578341e-42,5.796825594094104e-44,1.8369676434616688e-43
8.674973929115943e-12,1.8390113540154298e-12,1.2851425811676774e-19
6.957852424412987e-112,6.43875870232592e-116,2.7367612447311647e-111
1.2786808057025805e-122,5.141898855556804e-123,9.744778486064874e-127
2.85936605553879e-43,5.97153127949462e-47,2.7030487454652072e-47
2.1129486092621874e-50,1.597933537689888e-53,4.505455619794257e-52
3.4277754817871e-08,3.043837240196987e-11,4.350309849332357e-32
9.497583474618747e-58,1.4248209267310532e-58,5.07535771729504e-69
6.3578306055190784e-77,6.982473953113277e-73,6.373139004437375e-85
5.576956477450996e-65,1.2502398423019442e-74,8.965120565154428e-70
2.6442771401229855e-79,1.0730654353101288e-80,8.427841839810018e-87
8.236082239083797e-66,2.1871996642194883e-75,8.443903179854562e-67
3.179586608474172e-50,3.1411988790048742e-55,1.3246582008149131e-52
0.0006673296640119423,8.344249787927546e-05,6.083814671357424e-11
3.0598470379316503e-83,2.098209346513674e-86,7.805835571751299e-83
5.767730592332568e-29,9.494535886977293e-29,2.2035785237216218e-30
3.5936889228191704e-39,5.3436053228204825e-43,5.120495780035821e-46
7.040089018693201e-20,2.8171807193305475e-19,1.458386491331939e-19
6.812021410846799e-133,3.8768793423527317e-134,3.280459813281521e-144
8.65446756020753e-09,6.121830161336219e-07,2.084786677855441e-06
0.039276042759921685,0.001722817918453426,0.007228345946258665
2.393299377524681e-27,3.3641355711723605e-25,3.5225539122434173e-29
2.2312959400238933e-133,9.67560945121272e-131,1.3966886935957307e-131
1.719855364001574e-30,1.2845279972773498e-30,5.332854718931157e-30
2.381638890704353e-144,1.29348801698792e-144,8.58860881587771e-160
1.7026563151383284e-49,1.3523675239490094e-54,9.260016958379589e-53
5.02214034059454e-16,6.881374198780479e-18,1.144940643442873e-17
1.3512409472718713e-72,3.870303390961766e-71,5.859473297992606e-78
0.013084831908594701,0.11831796524061415,1.2860688802230107e-08
1.2268530201979024e-22,8.628669381283921e-34,4.2766119549391945e-41
0.0004046089065801977,0.0686061354503656,6.108353348459367e-20
7.764316487215242e-60,1.1080346461523075e-60,3.226306125750897e-59
3.762857175037155e-16,8.402320475016299e-17,4.644998721212978e-19
3.0955568127790133e-06,1.24450628784829e-07,7.57540041050104e-07
1.3440911318875127e-65,1.1869447671988414e-65,2.8279738890411026e-72
9.719696725590781e-25,1.9009087823251594e-24,1.4868694320570254e-32
3.761220689120036e-54,1.805025443346096e-53,8.375204405530785e-57
4.448077257820437e-08,1.6936405440971808e-11,3.37413489057066e-26
4.127780345823093e-71,1.8322432055944998e-73,3.199376296842964e-77
2.7566362399625007e-33,2.966094536400669e-32,2.117808321330427e-33
2.765916844456846e-08,7.230179729379114e-10,2.099333125079206e-16
2.21361150710022e-48,1.642482365203334e-52,1.192832458854329e-61
5.691069968419725e-139,1.1482718165990526e-141,2.294184624015256e-184
6.8202432261041e-16,1.8566380635900357e-17,3.6724949610815553e-37
2.8510143121294964e-88,7.065281112083191e-94,2.5754947192391363e-92
7.212013933416621e-81,2.676853164626823e-80,2.982019553529439e-84
1.6604097719244048e-100,1.6488040343948453e-101,3.402986818097372e-99
1.3755157490231759e-37,1.8952580443031847e-36,2.374145084488159e-37
1.847773984213974e-94,6.364476000519576e-95,2.541783953366458e-100
4.2968027407630004e-11,7.189459076840882e-15,3.319022559513e-13
4.160135241617932e-28,1.9785764229404567e-28,3.335903073019221e-30
8.859980731108477e-21,1.0622857232585398e-24,4.314273204507926e-29
5.817818857921811e-36,8.114805344093101e-40,6.979053394470136e-37
3.0216906496632554e-43,1.7546209527268233e-44,6.419666942517e-48
1.1399132760953859e-103,9.916816802072279e-102,6.474640009556058e-104
5.042094176128626e-13,3.7167654506371545e-13,4.516302407979847e-22
2.4264143981230175e-95,3.404952351776516e-90,5.9104343113914235e-120
2.67972618773733e-09,2.3985504253885503e-10,1.1663938976346275e-06
3.1036773299219097e-06,7.059345698243133e-06,8.75966211818705e-10
1.0328578243876709e-09,3.9415631359764505e-13,2.0522457776382782e-16
1.7262535788893774e-17,4.7771566573875905e-18,4.1464328757507506e-17
4.341557201067301e-73,2.1890705304842448e-72,5.89325777253496e-74
5.245656906969376e-15,2.3951489305772656e-27,9.292495789304449e-31
2.7321396883173824e-19,3.948196642757626e-22,6.830751719924849e-27
4.06457408914995e-33,6.453041586461155e-33,1.18235109702749e-37
1.5196966378266032e-55,5.41392525609464e-57,5.990261310119641e-70
9.786765517791216e-35,9.914028833819556e-35,5.244884226967255e-45
2.293912958755217e-11,4.8444744808121494e-11,1.169172109024845e-24
5.446814830117526e-228,2.5407798978670258e-226,1.874576345599444e-228
9.926539038024848e-10,3.1900585132861165e-17,1.9917768637364873e-09
2.9563459512449974e-34,1.9485851779200332e-31,9.16311424901233e-42
1.2914165700742124e-16,3.253741604787803e-16,3.699329931550514e-16
5.398639236896445e-22,5.442996273828963e-25,2.445913687335226e-28
1.5594681670018374e-26,4.5080690496671976e-26,8.562765488074432e-25
1.0537431799279072e-11,3.9024341078163114e-13,3.3427976249235547e-17
2.105025006613726e-61,2.9393749536504405e-69,2.937531483349346e-69
7.954331625249765e-06,1.4389737650057983e-05,2.008789382962168e-10
0.032637980691926256,4.2855326453400713e-13,4.7382190824078044e-05
2.315377108509551e-123,1.5623757034498047e-125,8.95427382905932e-127
3.1949651254656296e-43,2.117849818701497e-44,4.283425912623131e-50
3.646099915145145e-60,2.9772707999880035e-61,1.7211786840273216e-60
0.007831542873077715,0.0030871447096649067,3.2358412903135323e-10
2.370646158602257e-49,4.1417599139781755e-51,2.9076066875694256e-68
0.002976608487654018,0.0020922423320632183,2.6148241209732496e-18
3.536238970176315e-46,3.091912095577154e-48,1.1114581879527688e-63
8.131324688678151e-67,2.3588007166271113e-70,1.2960166841684868e-64
0.0041503453146750045,5.48744894593731e-07,7.44078363931675e-07
1.7237280672822526e-18,7.999866723225876e-21,3.3062880857040574e-20
3.249954410092507e-126,7.0891651439713115e-127,6.1059343873672336e-133
6.07542912061513e-47,3.8630124442438113e-41,2.546033804020876e-65
6.104522718124648e-23,1.1946928529846284e-23,1.1035639238820879e-25
3.936643443090277e-06,3.8133532977581105e-05,1.1056040439312388e-08
4.6093824722802985e-36,1.6012064874389282e-36,6.167647390370571e-48
1.4753106375625706e-46,1.518059435167667e-47,2.2094555238667106e-49
1.8331166211342964e-70,2.717729533737487e-69,4.031582136023605e-72
5.514568664880703e-81,1.7311752761000282e-84,9.631020905435517e-94
5.491476769090204e-16,5.243877005334829e-16,3.50016625824267e-20
1.599420644135579e-47,2.7211842822373596e-52,8.02608114361419e-57
1.4309319890899464e-51,1.3669119240489873e-46,4.484833376630662e-57
4.7344184579176745e-77,1.1691178130732572e-78,2.5690976736602905e-86
3.7954121883614847e-53,1.5358270069323065e-52,4.654824860531523e-54
3.312651333784453e-14,1.0088553681459505e-19,8.573577498243738e-28
0.015343028824917823,0.0015222821976119754,4.350042787469501e-10
1.7669952477833188e-39,8.290326110665892e-32,4.614847809210172e-41
3.445633396667519e-19,1.862442443549587e-22,3.019954374351187e-25
1.3776077899642685e-12,1.8840934457204525e-11,9.471067593124008e-22
3.378955600172151e-31,8.205837981555401e-31,2.7187168467136085e-58
1.1185405862457889e-41,2.1637135043566972e-38,2.4817641553440595e-41
1.1105066951757306e-25,3.2398412469706025e-24,5.6381094682499475e-30
3.9473580757101615e-48,2.747857736937869e-48,3.407999745579883e-73
3.568812261991101e-30,1.646063584613671e-30,4.321500714881997e-28
4.243025739267624e-06,0.0002524512769161213,9.13804111103555e-11
1.7530583333272272e-50,5.622256939955099e-54,5.236084338793109e-56
0.0001826542733824449,2.8002341369677382e-05,2.2217144411877117e-14
1.0987990025745688e-21,2.357199207881786e-21,5.459148401273458e-31
8.100154093550937e-14,1.471952328019119e-13,1.1397599429579937e-43
6.324480776194443e-33,7.001523058263887e-36,3.164307807858236e-34
1.9265720522358114e-88,7.311664015971646e-93,3.153956094934848e-91
2.584834860346115e-63,8.330631486036597e-64,3.273991330652734e-71
7.344812677817956e-07,2.3970218591800945e-12,4.4582418434090727e-54
1.110208733032302e-08,8.50322234011937e-16,3.731928460505989e-46
2.6980131841867478e-108,2.2377094981412596e-111,5.02320870730902e-118
3.128546402410846e-21,7.227694351695856e-33,2.231086098720391e-22
1.194679175230338e-12,8.304873185760649e-14,2.796270313716505e-14
3.5764654942545827e-66,4.535932594541685e-65,2.6523171415408707e-70
2.185572038039566e-21,4.1366357071260536e-22,7.768099024853346e-38
3.2609655905179313e-16,2.721179735386561e-20,5.21310791593643e-25
0.0007703058172233593,0.03748402202208832,6.882579150964932e-06
1.1789431421831536e-39,1.575823711252806e-42,2.4982653431297056e-57
2.1994097011755355e-102,2.3422050633028344e-103,1.4442835688675535e-101
1.617927723741523e-17,1.2346743481328812e-15,3.561692515675377e-17
3.731687615678973e-12,3.942003626600127e-13,3.508235771600386e-15
1.8110437693399385e-53,4.860920028965887e-50,3.870148010526559e-62
6.318950188521342e-07,1.0075205535154642e-06,4.4981504095851914e-24
2.9818159022374826e-25,9.278677596215071e-25,1.6491263191196056e-23
1.913338622407405e-11,1.2412127162180621e-14,1.040668705244957e-22
6.411813927098474e-35,1.1536196058833652e-32,4.995983524147988e-44
6.424359815754028e-10,3.03390789661144e-15,4.869666334484809e-10
0.0003741227414297537,1.0802487750815029e-07,9.983991471599598e-12
9.033933757596279e-46,4.9536187559203816e-48,6.898235938758812e-47
9.346324386988341e-68,1.068307036061748e-70,1.2726325702537242e-74
2.242248165996927e-82,1.9002838849284303e-89,1.9590740863014017e-86
3.5040786753383684e-65,3.4458879883497854e-65,1.571050905242558e-64
7.148415325771151e-19,1.6246162397361606e-20,1.5014283448504185e-24
1.238457011995465e-07,2.1862390197089675e-06,5.3022197446657146e-08
3.5434105316266417e-41,1.2248204608814384e-43,6.668679468258567e-43
6.834803479746707e-23,4.6350241969228383e-23,2.0349736509706732e-43
8.300923178254262e-19,1.0103259902353317e-19,3.0641289397407725e-22
4.6551962122020645e-46,3.531428122477088e-45,2.5617358279046176e-78
1.3114945870913537e-12,2.3745520034608408e-15,1.1645678814331712e-14
9.214498880348697e-76,2.7994320472020794e-75,7.868177751351154e-81
8.76401196158472e-27,8.315766460204921e-27,1.348506432624423e-29
1.0006527785014593e-47,8.215963519776597e-49,1.1100677515565315e-55
2.2043887833397927e-40,1.0481923231620736e-42,4.7363483101978704e-54
1.2679622212259023e-28,1.4862603508370029e-27,4.335406867126803e-39
1.6610129765149255e-57,8.402837185502236e-61,1.4067127833055625e-67
1.3406919619986003e-30,2.556951853160745e-28,5.609120351085561e-37
1.0181414606732722e-57,1.888922671662528e-53,5.249673493849461e-61
6.532727183616935e-30,3.208336225341782e-27,3.2418586633382227e-32
1.3730981174124115e-31,7.875612762619604e-31,6.294407888011131e-59
2.6541658335988144e-18,2.983770538814444e-18,1.5701466609148768e-26
1.4690039250132494e-07,4.804661631641928e-06,4.2903327061490915e-24
5.662817519924033e-88,1.6054450998543598e-96,3.037183850907712e-88
4.170713475105394e-05,0.0007558557555834582,6.270032130077261e-11
5.308352172644873e-28,8.661467460812912e-31,9.174987510932698e-28
1.4458182535234597e-28,2.5144614634015878e-29,1.7891681211326688e-54
3.965115351938716e-34,2.560749174187071e-39,5.950008796118458e-35
2.475021823036879e-68,3.209311548409648e-69,5.1586669506000335e-71
4.409598490519561e-24,1.5367975705615951e-30,2.2575491701095154e-25
3.534095816561664e-27,2.032309879857765e-28,5.557503889144333e-29
9.546477590166653e-32,1.5524536976370218e-28,5.142403998769274e-52
1.1427924776820448e-31,3.439379984774622e-30,9.607788505655969e-30
5.398173336113448e-20,2.1954678114815943e-19,1.653592909853036e-29
3.541459385830705e-24,2.2544101630456642e-41,2.0726682940134406e-26
9.33862363031345e-49,2.0002316115934937e-47,1.401455635263376e-54
5.312011561411722e-38,5.20123522047445e-40,2.376854442359237e-44
1.946147100802363e-77,1.6720630639832497e-79,7.680759951112088e-77
4.773904204304601e-36,1.1121778186805829e-35,2.867117658054137e-33
4.520137950331205e-30,1.3697872223750823e-35,8.447085045497722e-36
4.441290831875532e-84,1.4196863644897498e-83,1.4239458776871623e-86
1.9691051353373137e-113,1.8044752296075135e-106,2.1023512910440937e-108
9.186837597125928e-131,2.771930555156385e-133,3.641692651694041e-136
1.3920196734045014e-29,3.07015358725736e-30,3.5233222932395546e-31
1.8614804932111128e-09,5.745483256961147e-08,1.4880715335471382e-21
1.1426665181660839e-07,2.1833091752588357e-08,2.2451059149224123e-08
4.920937764778372e-08,6.299706995390376e-07,4.187339172538084e-33
8.513228315670209e-128,2.541862252718998e-130,1.0200613570544672e-139
0.0010649175737381762,0.0018434752839835708,3.3118197283621957e-09
0.0007454551631056506,0.00026112242511803,1.689332718927703e-08
1.2295683385369295e-15,1.1648646168089227e-19,1.627758351945239e-22
3.560481195485744e-80,1.6020224295416313e-81,1.7044182645448068e-86
1.3964827520161927e-16,8.258808088370325e-18,2.741860488416906e-17
5.497804509496311e-11,2.659614206229755e-10,5.866531054939896e-21
2.1442269962558068e-10,3.4348578230144698e-12,1.3017998884501709e-11
9.701582184554075e-84,2.14511435907101e-85,1.6787493646312202e-102
9.543253798566107e-19,2.725528860702222e-19,2.394730505544105e-19
